-- TODO: revisar todos los inserts porque estan mal, me falta la parte de codigos de departamentos y ciudades
INSERT INTO countries (iso_code, name, alfaisotwo, alfaisothree) VALUES('004', 'Afganistán', 'AF', 'AFG'),('008', 'Albania', 'AL', 'ALB'),('276', 'Alemania', 'DE', 'DEU'),('020', 'Andorra', 'AD', 'AND'),('024', 'Angola', 'AO', 'AGO'),('660', 'Anguilla', 'AI', 'AIA'),('010', 'Antártida', 'AQ', 'ATA'),('028', 'Antigua y Barbuda', 'AG', 'ATG'),('682', 'Arabia Saudí', 'SA', 'SAU'),('012', 'Argelia', 'DZ', 'DZA'),('032', 'Argentina', 'AR', 'ARG'),('051', 'Armenia', 'AM', 'ARM'),('533', 'Aruba', 'AW', 'ABW'),('036', 'Australia', 'AU', 'AUS'),('040', 'Austria', 'AT', 'AUT'),('031', 'Azerbaiyán', 'AZ', 'AZE'),('044', 'Bahamas', 'BS', 'BHS'),('050', 'Bangladés', 'BD', 'BGD'),('052', 'Barbados', 'BB', 'BRB'),('048', 'Baréin', 'BH', 'BHR'),('056', 'Belgica', 'BE', 'BEL'),('084', 'Belice', 'BZ', 'BLZ'),('204', 'Benin', 'BJ', 'BEN'),('060', 'Bermudas', 'BM', 'BMU'),('112', 'Bielorussia', 'BY', 'BLR'),('104', 'Birmania', 'MM', 'MMR'),('068', 'Bolivia', 'BO', 'BOL'),('070', 'Bosnia y Herzegovina', 'BA', 'BIH'),('072', 'Botsuana', 'BW', 'BWA'),('076', 'Brasil', 'BR', 'BRA'),('096', 'Brunéi', 'BN', 'BRN'),('100', 'Bulgaria', 'BG', 'BGR'),('854', 'Burkina Faso', 'BF', 'BFA'),('108', 'Burundi', 'BI', 'BDI'),('064', 'Bután', 'BT', 'BTN'),('132', 'Cabo Verde', 'CV', 'CPV'),('116', 'Camboya', 'KH', 'KHM'),('120', 'Camerún', 'CM', 'CMR'),('124', 'Canadá', 'CA', 'CAN'),('535', 'Caribe Neerlandés', 'BQ', 'BES'),('634', 'Catar', 'QA', 'QAT'),('148', 'Chad', 'TD', 'TCD'),('152', 'Chile', 'CL', 'CHL'),('156', 'China', 'CN', 'CHN'),('196', 'Chipre', 'CY', 'CYP'),('170', 'Colombia', 'CO', 'COL'),('174', 'Comoras', 'KM', 'COM'),('408', 'Corea del Norte', 'KP', 'PRK'),('410', 'Corea del Sur', 'KR', 'KOR'),('384', 'Costa de Marfil', 'CI', 'CIV'),('188', 'Costa Rica', 'CR', 'CRI'),('191', 'Croacia', 'HR', 'HRV'),('192', 'Cuba', 'CU', 'CUB'),('531', 'Curazao', 'CW', 'CUW'),('208', 'Dinamarca', 'DK', 'DNK'),('212', 'Dominica', 'DM', 'DMA'),('218', 'Ecuador', 'EC', 'ECU'),('818', 'Egipto', 'EG', 'EGY'),('222', 'El Salvador', 'SV', 'SLV'),('784', 'Emiratos árabes Unidos', 'AE', 'ARE'),('232', 'Eritrea', 'ER', 'ERI'),('703', 'Eslovaquia', 'SK', 'SVK'),('705', 'Eslovenia', 'SI', 'SVN'),('724', 'España', 'ES', 'ESP'),('583', 'Estados Federados de Micronesia', 'FM', 'FSM'),('840', 'Estados Unidos', 'US', 'USA'),('233', 'Estonia', 'EE', 'EST'),('231', 'Etiopía', 'ET', 'ETH'),('608', 'Filipinas', 'PH', 'PHL'),('246', 'Finlandia', 'FI', 'FIN'),('242', 'Fiyi', 'FJ', 'FJI'),('250', 'Francia', 'FR', 'FRA'),('266', 'Gabon', 'GA', 'GAB'),('270', 'Gambia', 'GM', 'GMB'),('268', 'Georgia', 'GE', 'GEO'),('288', 'Ghana', 'GH', 'GHA'),('292', 'Gibraltar', 'GI', 'GIB'),('308', 'Granada', 'GD', 'GRD'),('300', 'Grecia', 'GR', 'GRC'),('304','Groenlandia', 'GL', 'GRL'),('312', 'Guadelupe', 'GP', 'GLP'),('316', 'Guam', 'GU', 'GUM'),('320', 'Guatemala', 'GT', 'GTM'),('254', 'Guayana Francesa', 'GF', 'GUF'),('831', 'Guernsey', 'GG', 'GGY'),('324', 'Guinea', 'GN', 'GIN'),('226', 'Guinea Ecuatorial', 'GQ', 'GNQ'),('624', 'Guinea-Bissau', 'GW', 'GNB'),('328', 'Guyana', 'GY', 'GUY'),('332', 'Haití', 'HT', 'HTI'),('340', 'Honduras', 'HN', 'HND'),('344', 'Hong Kong', 'HK', 'HKG'),('348', 'Hungría', 'HU', 'HUN'),('352', 'Iceland', 'IS', 'ISL'),('356', 'India', 'IN', 'IND'),('360', 'Indonesia', 'ID', 'IDN'),('368', 'Irak', 'IQ', 'IRQ'),('364', 'Iran', 'IR', 'IRN'),('833', 'Isla de Man', 'IM', 'IMN'),('162', 'Isla de Navidad', 'CX', 'CXR'),('574', 'Isla Norfolk', 'NF', 'NFK'),('372', 'Islandia', 'IE', 'IRL'),('136', 'Islas Caimán', 'KY', 'CYM'),('166', 'Islas Cocos', 'CC', 'CCK'),('184', 'Islas Cook', 'CK', 'COK'),('234', 'Islas Feroe', 'FO', 'FRO'),('239', 'Islas Georgias y Sandwich del Sur', 'GS', 'SGS'),('238', 'Islas Malvinas', 'FK', 'FLK'),('580', 'Islas Marianas del Norte', 'MP', 'MNP'),('584', 'Islas Marshall', 'MH', 'MHL'),('612', 'Islas Pitcairn', 'PN', 'PCN'),('090', 'Islas Salomón', 'SB', 'SLB'),('796', 'Islas Turcas y Caicos', 'TC', 'TCA'),('092', 'Islas Vírgenes Británicas', 'VG', 'VGB'),('850', 'Islas Vírgenes de los Estados Unidos', 'VI', 'VIR'),('376', 'Israel', 'IL', 'ISR'),('380', 'Italia', 'IT', 'ITA'),('388', 'Jamaica', 'JM', 'JAM'),('392', 'Japón', 'JP', 'JPN'),('832', 'Jersey', 'JE', 'JEY'),('400', 'Jordania', 'JO', 'JOR'),('398', 'Kazajistán', 'KZ', 'KAZ'),('404', 'Kenia', 'KE', 'KEN'),('417', 'Kirguistán', 'KG', 'KGZ'),('296', 'Kiribati', 'KI', 'KIR'),('153', 'Kosovo', 'XK', 'XKX'),('414', 'Kuweit', 'KW', 'KWT'),('418', 'Laos', 'LA', 'LAO'),('426', 'Lesoto', 'LS', 'LSO'),('428', 'Letonia', 'LV', 'LVA'),('422', 'Libano', 'LB', 'LBN'),('430', 'Liberia', 'LR', 'LBR'),('434', 'Libia', 'LY', 'LBY'),('438', 'Liechtenstein', 'LI', 'LIE'),('440', 'Lituania', 'LT', 'LTU'),('442', 'Luxemburgo', 'LU', 'LUX'),('446', 'Macao', 'MO', 'MAC'),('807', 'Macedonia', 'MK', 'MKD'),('450', 'Madagascar', 'MG', 'MDG'),('458', 'Malasia', 'MY', 'MYS'),('454', 'Malaui', 'MW', 'MWI'),('462', 'Maldivas', 'MV', 'MDV'),('466', 'Mali', 'ML', 'MLI'),('470', 'Malta', 'MT', 'MLT'),('504', 'Marruecos', 'MA', 'MAR'),('474', 'Martinica', 'MQ', 'MTQ'),('480', 'Mauricio', 'MU', 'MUS'),('478', 'Mauritania', 'MR', 'MRT'),('175', 'Mayotte', 'YT', 'MYT'),('484', 'México', 'MX', 'MEX'),('498', 'Moldavia', 'MD', 'MDA'),('492', 'Monaco', 'MC', 'MCO'),('496', 'Mongolia', 'MN', 'MNG'),('499', 'Monténégro', 'ME', 'MNE'),('500', 'Montserrat', 'MS', 'MSR'),('508', 'Mozambique', 'MZ', 'MOZ'),('516', 'Namibia', 'NA', 'NAM'),('520', 'Nauru', 'NR', 'NRU'),('524', 'Nepal', 'NP', 'NPL'),('558', 'Nicaragua', 'NI', 'NIC'),('562', 'Niger', 'NE', 'NER'),('566', 'Nigeria', 'NG', 'NGA'),('570', 'Niue', 'NU', 'NIU'),('578', 'Noruega', 'NO', 'NOR'),('540', 'Nueva Caledonia', 'NC', 'NCL'),('554', 'Nueva Zelanda', 'NZ', 'NZL'),('512', 'Omán', 'OM', 'OMN'),('528', 'Países Bajos', 'NL', 'NLD'),('586', 'Pakistán', 'PK', 'PAK'),('585', 'Palaos', 'PW', 'PLW'),('275', 'Palestina', 'PS', 'PSE'),('591', 'Panama', 'PA', 'PAN'),('598', 'Papúa Nueva Guinea', 'PG', 'PNG'),('600', 'Paraguay', 'PY', 'PRY'),('604', 'Perú', 'PE', 'PER'),('258', 'Polinesia Francesa', 'PF', 'PYF'),('616', 'Polonia', 'PL', 'POL'),('620', 'Portugal', 'PT', 'PRT'),('630', 'Puerto Rico', 'PR', 'PRI'),('826', 'Reino Unido', 'GB', 'GBR'),('732', 'República árabe Saharaui DemocrÁtica', 'EH', 'ESH'),('140', 'República Centroafricana', 'CF', 'CAF'),('203', 'República Checa', 'CZ', 'CZE'),('178', 'República del Congo', 'CG', 'COG'),('180', 'República DemocrÁtica del Congo', 'CD', 'COD'),('214', 'República Dominicana', 'DO', 'DOM'),('638', 'Reunión', 'RE', 'REU'),('646', 'Ruanda', 'RW', 'RWA'),('642', 'Rumania', 'RO', 'ROU'),('643', 'Rusia', 'RU', 'RUS'),('882', 'Samoa', 'WS', 'WSM'),('016', 'Samoa Americana', 'AS', 'ASM'),('652', 'San Bartolomé', 'BL', 'BLM'),('659', 'San Cristóbal y Nieves', 'KN', 'KNA'),('674', 'San Marino', 'SM', 'SMR'),('534', 'San Martín', 'MF', 'MAF'),('666', 'San Pedro y Miquelón', 'PM', 'SPM'),('670', 'San Vicente y las Granadinas', 'VC', 'VCT'),('662', 'Santa Lucía', 'LC', 'LCA'),('678', 'Santo Tomé y Príncipe', 'ST', 'STP'),('686', 'Senegal', 'SN', 'SEN'),('688', 'Serbia', 'RS', 'SRB'),('690', 'Seychelles', 'SC', 'SYC'),('694', 'Sierra Leona', 'SL', 'SLE'),('702', 'Singapur', 'SG', 'SGP'),('654', 'Sint Helena, Ascension and Tristan da Cunha','SH', 'SHN'),('663', 'Sint-Maarten', 'SX', 'SXM'),('760', 'Siria', 'SY', 'SYR'),('706', 'Somalia', 'SO', 'SOM'),('144', 'Sri Lanka', 'LK', 'LKA'),('748', 'eSwatani', 'SZ', 'SWZ'),('710', 'Sudáfrica', 'ZA', 'ZAF'),('729', 'Sudán', 'SD', 'SDN'),('728', 'Sudán del Sur', 'SS', 'SSD'),('752', 'Suecia', 'SE', 'SWE'),('756', 'Suiza', 'CH', 'CHE'),('740', 'Surinam', 'SR', 'SUR'),('764', 'Tailandia', 'TH', 'THA'),('158', 'Taiwan', 'TW', 'TWN'),('834', 'Tanzania', 'TZ', 'TZA'),('762', 'Tayikistán', 'TJ', 'TJK'),('086', 'Territorio Británico del Océano índico', 'IO', 'IOT'),('260', 'Tierras Australes y Antárticas Francesas', 'TF', 'ATF'),('626', 'Timor Oriental', 'TL', 'TLS'),('768', 'Togo', 'TG', 'TGO'),('772', 'Tokelau', 'TK', 'TKL'),('776', 'Tonga', 'TO', 'TON'),('780', 'Trinidad y Tobago', 'TT', 'TTO'),('788', 'Túnez', 'TN', 'TUN'),('795', 'Turkmenistán', 'TM', 'TKM'),('792', 'Turquía', 'TR', 'TUR'),('798', 'Tuvalu', 'TV', 'TUV'),('804', 'Ucrania', 'UA', 'UKR'),('800', 'Uganda', 'UG', 'UGA'),('858', 'Uruguay', 'UY', 'URY'),('860', 'Uzbekistán', 'UZ', 'UZB'),('548', 'Vanuatu', 'VU', 'VUT'),('336', 'Vaticano', 'VA', 'VAT'),('862', 'Venezuela', 'VE', 'VEN'),('704', 'Vietnam', 'VN', 'VNM'),('876', 'Wallis y Futuna', 'WF', 'WLF'),('887', 'Yemen', 'YE', 'YEM'),('262', 'Yibuti', 'DJ', 'DJI'),('894', 'Zambia', 'ZM', 'ZMB'),('716', 'Zimbabwe', 'ZW', 'ZWE');

INSERT INTO subdivision_categories (description) VALUES ('department'), ('capital district'),('state'),('outlying area'),('district');

INSERT INTO state_or_regions (code, name, country_id, code3166, subdivision_id) VALUES('AMA', 'Amazonas', '170', 'CO-AMA', 1),('ANT', 'Antioquia', '170', 'CO-ANT', 1),('ARA', 'Arauca', '170', 'CO-ARA', 1),('ATL', 'Atlántico', '170', 'CO-ATL', 1),('BOL', 'Bolívar', '170', 'CO-BOL', 1),('BOY', 'Boyacá', '170', 'CO-BOY', 1),('CAL', 'Caldas', '170', 'CO-CAL', 1),('CAQ', 'Caquetá', '170', 'CO-CAQ', 1),('CAS', 'Casanare', '170', 'CO-CAS', 1),('CAU', 'Cauca', '170', 'CO-CAU', 1),('CES', 'Cesar', '170', 'CO-CES', 1),('CHO', 'Chocó', '170', 'CO-CHO', 1),('CUN', 'Cundinamarca', '170', 'CO-CUN', 1),('COR', 'Córdoba', '170', 'CO-COR', 1),('DC-C', 'Distrito Capital de Bogotá', '170', 'CO-DC', 2),('GUA', 'Guainía', '170', 'CO-GUA', 1),('GUV', 'Guaviare', '170', 'CO-GUV', 1),('HUI', 'Huila', '170', 'CO-HUI', 1),('LAG', 'La Guajira', '170', 'CO-LAG', 1),('MAG', 'Magdalena', '170', 'CO-MAG', 1),('MET', 'Meta', '170', 'CO-MET', 1),('NAR', 'Nariño', '170', 'CO-NAR', 1),('NSA', 'Norte de Santander', '170', 'CO-NSA', 1),('PUT', 'Putumayo', '170', 'CO-PUT', 1),('QUI', 'Quindío', '170', 'CO-QUI', 1),('RIS', 'Risaralda', '170', 'CO-RIS', 1),('SAP', 'San Andrés, Providencia y Santa Catalina', '170', 'CO-SAP', 1),('SAN', 'Santander', '170', 'CO-SAN', 1),('SUC', 'Sucre', '170', 'CO-SUC', 1),('TOL', 'Tolima', '170', 'CO-TOL', 1),('VAC', 'Valle del Cauca', '170', 'CO-VAC', 1),('VAU', 'Vaupés', '170', 'CO-VAU', 1), ('VID', 'Vichada', '170', 'CO-VID', 1),('AL', 'Alabama', '840', 'US-AL', 3),('AK', 'Alaska', '840', 'US-AK', 3),('AS', 'American Samoa', '840', 'US-AS', 4),('AZ', 'Arizona', '840', 'US-AZ', 3),('AR', 'Arkansas', '840', 'US-AR', 3),('CA', 'California', '840', 'US-CA', 3),('CO', 'Colorado', '840', 'US-CO', 3),('CT', 'Connecticut', '840', 'US-CT', 3),('DE', 'Delaware', '840', 'US-DE', 3),('DC', 'District of Columbia', '840', 'US-DC', 5),('FL', 'Florida', '840', 'US-FL', 3),('GA', 'Georgia', '840', 'US-GA', 3),('GU', 'Guam', '840', 'US-GU', 4),('HI', 'Hawaii', '840', 'US-HI', 3),('ID', 'Idaho', '840', 'US-ID', 3),('IL', 'Illinois', '840', 'US-IL', 3),('IN', 'Indiana', '840', 'US-IN', 3),('IA', 'Iowa', '840', 'US-IA', 3),('KS', 'Kansas', '840', 'US-KS', 3),('KY', 'Kentucky', '840', 'US-KY', 3),('LA', 'Louisiana', '840', 'US-LA', 3),('ME', 'Maine', '840', 'US-ME', 3),('MD', 'Maryland', '840', 'US-MD', 3),('MA', 'Massachusetts', '840', 'US-MA', 3),('MI', 'Michigan', '840', 'US-MI', 3),('MN', 'Minnesota', '840', 'US-MN', 3),('MS', 'Mississippi', '840', 'US-MS', 3),('MO', 'Missouri', '840', 'US-MO', 3),('MT', 'Montana', '840', 'US-MT', 3),('NE', 'Nebraska', '840', 'US-NE', 3),('NV', 'Nevada', '840', 'US-NV', 3),('NH', 'New Hampshire', '840', 'US-NH', 3),('NJ', 'New Jersey', '840', 'US-NJ', 3),('NM', 'New Mexico', '840', 'US-NM', 3),('NY', 'New York', '840', 'US-NY', 3),('NC', 'North Carolina', '840', 'US-NC', 3),('ND', 'North Dakota', '840', 'US-ND', 3),('MP', 'Northern Mariana Islands', '840', 'US-MP', 4),('OH', 'Ohio', '840', 'US-OH', 3),('OK', 'Oklahoma', '840', 'US-OK', 3),('OR', 'Oregon', '840', 'US-OR', 3),('PA', 'Pennsylvania', '840', 'US-PA', 3),('PR', 'Puerto Rico', '840', 'US-PR', 4),('RI', 'Rhode Island', '840', 'US-RI', 3),('SC', 'South Carolina', '840', 'US-SC', 3),('SD', 'South Dakota', '840', 'US-SD', 3),('TN', 'Tennessee', '840', 'US-TN', 3),('TX', 'Texas', '840', 'US-TX', 3),('UM', 'United States Minor Outlying Islands', '840', 'US-UM', 4),('UT', 'Utah', '840', 'US-UT', 3),('VT', 'Vermont', '840', 'US-VT', 3),('VI', 'Virgin Islands, U.S.', '840', 'US-VI', 4),('VA', 'Virginia', '840', 'US-VA', 3),('WA', 'Washington', '840', 'US-WA', 3),('WV', 'West Virginia', '840', 'US-WV', 3),('WI', 'Wisconsin', '840', 'US-WI', 3),('WY', 'Wyoming', '840', 'US-WY', 3);

INSERT INTO cities_or_municipalities (code, name, statereg_id) VALUES ('57-6-ARM', 'Armenia', 'QUI'), ('57-5-BAR', 'Barranquilla', 'ATL'),('57-1-BOG', 'Bogotá', 'DC-C'),('57-7-BUC', 'Bucaramanga', 'SAN'),('57-2-CAL', 'Cali', 'VAC'),('57-5-CAR', 'Cartagena', 'BOL'), ('57-7-CUC', 'Cúcuta', 'NSA'), ('57-8-IBA', 'Ibagué', 'TOL'), ('57-6-MAN', 'Manizales', 'CAL'), ('57-4-MED', 'Medellín', 'ANT'), ('57-310', 'Mobile Phones - Comcel', NULL),('57-311', 'Mobile Phones - Comcel', NULL),('57-312', 'Mobile Phones - Comcel', NULL),('57-315', 'Mobile Phones - Movistar', NULL),('57-316', 'Mobile Phones - Movistar', NULL),('57-300', 'Mobile Phones - Ola', NULL),('57-301', 'Mobile Phones - Ola', NULL),('57-8-NEI', 'Neiva', 'HUI'),('57-2-PAL', 'Palmira', 'VAC'), ('57-6-PER', 'Pereira', 'RIS'), ('57-5-SAM', 'Santa Marta', 'MAG'), ('57-8-VIL', 'Villavicencio', 'MET'); 

INSERT INTO types_identifications (id, description, sufix) VALUES (1, 'Cédula de Ciudadanía', 'CC'),(2, 'Tarjeta de Identidad', 'TI'),(3, 'Cédula de Extranjería', 'CE'),(4, 'Pasaporte', 'PA'),(5, 'Registro Civil', 'RC'),(6, 'Número de Identificación Tributaria', 'NIT'),(7, 'DNI - Documento Nacional de Identidad', 'DNI'),(8, 'Licencia de Conducción', 'LIC'),(9, 'Identificación Fiscal', 'FIS'),(10, 'Documento de Identificación Personal', 'DIP');

INSERT INTO categories (description) VALUES('Tecnología'),('Alimentos y Bebidas'),('Moda y Accesorios'),('Salud y Bienestar'),('Automotriz'),('Servicios Financieros'),('Educación'),('Entretenimiento'),('Hogar y Jardín'),('Deportes y Ocio');

INSERT INTO audiences (description) VALUES ('Consumidor Final (B2C)'),('Empresas (B2B)'),('Jóvenes y Estudiantes'),('Familias'),('Profesionales'),('Adultos Mayores'),('Turistas'),('Emprendedores'),('Comunidad Local'),('Nicho Específico');

INSERT INTO emails (email_name, email_type) VALUES('info@techsolutions.com', 'General'),('ventas@freshfoods.co', 'Ventas'),('soporte@fashionhub.net', 'Soporte'),('contacto@wellnesscenter.org', 'Contacto'),('admin@autocare.com', 'Administración'),('clientes@financepro.com', 'Clientes'),('admisiones@learnacademy.edu', 'Admisiones'),('reservas@funland.com', 'Reservas'),('pedidos@homegoods.shop', 'Pedidos'),('marketing@sportzone.com', 'Marketing'),('gerencia@globalsolutions.com', 'Gerencia'),('rrhh@corporation.com', 'Recursos Humanos'),('legal@lawfirm.com', 'Legal'),('facturacion@invoices.com', 'Facturación'),('partners@alliance.com', 'Partners'),('juan.perez@personal.com', 'Personal_Cliente_JP'), ('maria.gomez@personal.com', 'Personal_Cliente_MG'), ('carlos.ruiz@personal.com', 'Personal_Cliente_CR'), ('ana.lopez@personal.com', 'Personal_Cliente_AL'), ('pedro.martinez@personal.com', 'Personal_Cliente_PM'); 

INSERT INTO companies (type_id, name, category_id, city_id, audience_id, cellphone, email_id, isactive) VALUES (6, 'Tech Solutions S.A.S.', 1, '57-1-BOG', 2, '3101234567', 1, TRUE),(6, 'Fresh Foods Ltda.', 2, '57-4-MED', 1, '3112345678', 2, TRUE),(6, 'Fashion Hub Store', 3, '57-2-CAL', 1, '3123456789', 3, FALSE),(1, 'Wellness Center SAS', 4, '57-7-BUC', 5, '3154567890', 4, TRUE),(6, 'AutoCare Services', 5, '57-5-BAR', 1, '3165678901', 5, FALSE),(6, 'Finance Pro Group', 6, '57-1-BOG', 2, '3006789012', 6, TRUE),(6, 'Learn Academy', 7, '57-7-CUC', 3, '3017890123', 7, FALSE),(6, 'FunLand Park', 8, '57-5-CAR', 4, '3108901234', 8, TRUE),(6, 'HomeGoods Express', 9, '57-6-PER', 1, '3119012345', 9, TRUE),(6, 'SportZone Colombia', 10, '57-8-IBA', 1, '3120123456', 10, FALSE),(6, 'Global Solutions Corp.', 1, '57-1-BOG', 2, '3151234567', 11, TRUE),(6, 'Constructora XYZ', 9, '57-4-MED', 2, '3162345678', 12, FALSE),(6, 'Bufete Legal Asociados', NULL, '57-1-BOG', 5, '3003456789', 13, TRUE),(6, 'Distribuidora del Café', 2, '57-6-MAN', 2, '3014567890', 14, TRUE),(6, 'Agencia de Viajes Aventura', NULL, '57-8-NEI', 7, '3105678901', 15, FALSE);

INSERT INTO memberships (name, description) VALUES ('Básica', 'Acceso a funciones esenciales y soporte estándar.'),('Premium', 'Acceso completo a todas las funciones, soporte prioritario y descuentos exclusivos.'),('Empresarial', 'Membresía diseñada para grandes empresas con necesidades avanzadas.'),('Estudiante', 'Membresía con descuento para estudiantes, acceso limitado a recursos.'),('VIP', 'Membresía de élite con beneficios personalizados y eventos exclusivos.');

INSERT INTO periods (name) VALUES('Mensual'),('Trimestral'),('Anual'),('Semestral'),('Vitalicia');

INSERT INTO benefits (description, detail) VALUES ('Descuento en Productos', 'Obtén un 10% de descuento en todas las compras de productos.'),('Soporte 24/7', 'Acceso a soporte técnico y al cliente las 24 horas del día, los 7 días de la semana.'),('Acceso a Contenido Exclusivo', 'Desbloquea artículos, videos y tutoriales solo para miembros.'),('Envío Gratuito', 'Disfruta de envío gratuito en todos tus pedidos.'),('Invitaciones a Eventos', 'Recibe invitaciones a webinars, talleres y eventos exclusivos para miembros.'),('Consultoría Personalizada', 'Sesiones de consultoría uno a uno con expertos.'),('Garantía Extendida', 'Extensión de la garantía en productos seleccionados.'),('Prioridad en Lista de Espera', 'Acceso prioritario a productos o servicios con alta demanda.'),('Acceso Beta a Nuevas Funciones', 'Sé de los primeros en probar nuevas características y productos.'),('Créditos de Compra', 'Recibe créditos para futuras compras en la plataforma.');

INSERT INTO membership_periods (membership_id, period_id, price) VALUES (1, 1, 9.99),  (1, 3, 99.99),  (2, 1, 29.99),  (2, 3, 299.99), (3, 3, 999.99), (4, 1, 4.99),  (4, 3, 49.99), (5, 5, 1999.99),(1, 2, 24.99),  (2, 2, 79.99), (3, 2, 249.99), (1, 4, 49.99),  (2, 4, 149.99), (3, 4, 499.99); 

INSERT INTO audience_benefits (audience_id, benefit_id) VALUES(1, 1), (1, 4), (2, 2), (2, 6), (3, 3), (3, 1), (4, 5), (5, 6), (5, 2), (7, 5), (8, 10),(9, 9); 

INSERT INTO membership_benefits (membership_id, period_id, audience_id, benefit_id) VALUES(1, 1, 1, 1), (1, 1, 1, 4), (2, 1, 1, 1), (2, 1, 1, 2), (2, 1, 1, 3), (2, 1, 1, 4), (3, 3, 2, 2), (3, 3, 2, 6), (3, 3, 2, 7), (4, 1, 3, 1), (4, 1, 3, 3), (5, 5, 5, 5), (5, 5, 5, 6), (5, 5, 5, 8), (1, 3, 1, 1), (2, 3, 1, 2); 

INSERT INTO products (name, detail, price, image, category_id) VALUES('Smartphone X', 'Última generación de smartphone con cámara de alta resolución.', 899.99, 'smartphone_x.jpg', 1),('Café Premium Blend', 'Mezcla exclusiva de granos de café arábica de origen único.', 15.50, 'cafe_premium.jpg', 2),('Camiseta Algodón Orgánico', 'Camiseta suave y transpirable, 100% algodón orgánico.', 25.00, 'camiseta_organica.jpg', 3),('Suplemento Vitamínico', 'Complejo multivitamínico para mejorar la energía y el bienestar.', 30.00, 'suplemento_vit.jpg', 4),('Aceite Sintético 5W-30', 'Aceite de motor de alto rendimiento para vehículos modernos.', 45.99, 'aceite_sintetico.jpg', 5),('Asesoría Financiera Personal', 'Sesiones personalizadas para planificación financiera y de inversiones.', 150.00, 'asesoria_fin.jpg', 6),('Curso Online de Programación', 'Curso intensivo de Python para principiantes.', 299.00, 'curso_python.jpg', 7),('Entrada Parque Temático', 'Acceso de un día completo a todas las atracciones del parque.', 50.00, 'entrada_parque.jpg', 8),('Set de Herramientas Básicas', 'Kit esencial de herramientas para el hogar y pequeños arreglos.', 75.00, 'set_herramientas.jpg', 9),('Balón de Fútbol Profesional', 'Balón oficial de competición, aprobado por la FIFA.', 60.00, 'balon_futbol.jpg', 10),('Laptop Ultrabook', 'Laptop ligera y potente para productividad y entretenimiento.', 1200.00, 'laptop_ultrabook.jpg', 1),('Pan Artesanal Integral', 'Pan fresco horneado diariamente con granos integrales.', 5.25, 'pan_artesanal.jpg', 2),('Vestido de Noche Elegante', 'Vestido largo de diseño exclusivo para eventos especiales.', 180.00, 'vestido_noche.jpg', 3),('Consulta Nutricional', 'Consulta personalizada con nutricionista para plan de alimentación.', 70.00, 'consulta_nutricional.jpg', 4),('Neumático All-Season', 'Neumático duradero para todas las estaciones, excelente agarre.', 95.00, 'neumatico_allseason.jpg', 5);

INSERT INTO unit_of_measure (description) VALUES('Unidad'),('Kilogramo'),('Litro'),('Metro'),('Caja'),('Paquete'),('Servicio'),('Hora'),('Gramo'),('Docena');

INSERT INTO company_products (company_id, product_id, price, unitmeasure_id) VALUES (1, 1, 850.00, 1),  (1, 11, 1150.00, 1), (2, 2, 14.00, 2),   (2, 12, 4.90, 1),   (3, 3, 22.00, 1),   (3, 13, 170.00, 1),  (4, 4, 28.00, 1),   (4, 14, 65.00, 7),   (5, 5, 42.00, 3),   (5, 15, 90.00, 1),  (6, 6, 140.00, 7),  (7, 7, 280.00, 7),  (8, 8, 48.00, 1),   (9, 9, 70.00, 1),   (10, 10, 55.00, 1); 

INSERT INTO categories_polls (name) VALUES('Satisfacción del Cliente'),('Calidad del Producto'),('Experiencia de Usuario'),('Servicio al Cliente'),('Lealtad de Marca'),('Necesidades del Mercado');

INSERT INTO polls (name, description, isactive, categorypoll_id) VALUES('Encuesta de Satisfacción General', 'Encuesta para medir la satisfacción general con nuestros servicios.', TRUE, 1),('Evaluación de Producto: Smartphone X', 'Encuesta de calidad específica para el Smartphone X.', TRUE, 2),('Experiencia en la Tienda Online', 'Encuesta sobre la usabilidad y experiencia de compra en el sitio web.', TRUE, 3),('Soporte Técnico Post-Venta', 'Encuesta para evaluar la calidad del soporte técnico recibido.', TRUE, 4),('Recomendación de Marca', 'Encuesta para entender la probabilidad de recomendación de nuestra marca.', TRUE, 5),('Interés en Nuevos Productos', 'Encuesta para sondear el interés en futuras líneas de productos.', TRUE, 6),('Calidad del Café Premium', 'Encuesta sobre el sabor y la calidad de nuestro Café Premium Blend.', TRUE, 2),('Servicio de Asesoría Financiera', 'Encuesta de satisfacción con la consultoría financiera.', FALSE, 4);

INSERT INTO customers (name, city_id, audience_id, cellphone, email_id, address) VALUES ('Juan Pérez', '57-1-BOG', 1, '3001112233', 16, 'Calle 10 # 20-30'),('María Gómez', '57-4-MED', 1, '3012223344', 17, 'Carrera 50 # 10-15'),('Carlos Ruiz', '57-2-CAL', 5, '3103334455', 18, 'Avenida 3 # 12-45'),('Ana López', '57-7-BUC', 4, '3114445566', 19, 'Bulevar Santander # 5-60'),('Pedro Martínez', '57-5-BAR', 3, '3125556677', 20, 'Calle 70 # 8-25'),('Laura Sánchez', '57-1-BOG', 1, '3156667788', 16, 'Diagonal 100 # 15-50'),('Sofía Torres', '57-4-MED', 1, '3167778899', 17, 'Circular 74 # 30-05');

INSERT INTO quality_products (product_id, customer_id, poll_id, company_id, daterating, rating) VALUES(1, 1, 2, 1, '2024-06-15 10:00:00', 4.5), (2, 2, 7, 2, '2024-06-16 11:30:00', 4.8), (3, 1, 1, 3, '2024-06-17 14:00:00', 4.0), (11, 3, 2, 1, '2024-06-18 09:00:00', 4.2), (12, 4, 7, 2, '2024-06-19 10:15:00', 4.9), (7, 5, 1, 7, '2024-06-20 16:00:00', 4.7), (1, 6, 2, 1, '2024-06-21 17:00:00', 4.6), (2, 7, 7, 2, '2024-06-22 08:00:00', 4.7); 

INSERT INTO rates (customer_id, company_id, poll_id, daterating, rating) VALUES(1, 1, 1, '2024-06-15 10:30:00', 4.3), (2, 2, 1, '2024-06-16 12:00:00', 4.6), (3, 4, 1, '2024-06-17 14:30:00', 4.1), (4, 8, 1, '2024-06-19 10:45:00', 4.9), (5, 7, 1, '2024-06-20 16:30:00', 4.5), (1, 3, 1, '2024-06-22 09:00:00', 3.9), (6, 1, 1, '2024-06-23 11:00:00', 4.4), (7, 2, 1, '2024-06-24 13:00:00', 4.8);

INSERT INTO favorites (customer_id, company_id) VALUES(1, 1), (1, 3), (2, 2), (3, 1), (4, 8),(5, 7), (6, 1),(7, 2); 

INSERT INTO detail_favorites (favorite_id, product_id) VALUES(1, 1),  (1, 11), (2, 2),  (2, 12), (3, 3),  (4, 1),  (5, 8),  (6, 7),  (7, 1),  (8, 2); 